variant,paths,mean_ms
seq,100000,1.2404203444116688
seq,1000000,12.708176165
seq,5000000,64.75592274
par,100000,1.174511382018885
par,1000000,1.9620364066411702
par,5000000,3.7428136306666664
