variant,paths,mean_ms
seq,100000,1.688439549487563
seq,1000000,16.821096825054482
seq,5000000,83.92043314285712
par,100000,1.217722138893475
par,1000000,1.9095486004460265
par,5000000,3.298951717761239
